Title,Source,Time,Author,Link
GDP: Is India's economic boom fading?,BBC.com,2 days ago,Missing,https://news.google.com/read/CBMiV0FVX3lxTE8xSzdJdHlMbkJ1V3BCazdFemhWSTllSURONWFWU3oxLWpfLURuQmJ3ZGNHNGRTQ2xUbDBTQ3JIVldsamoyNmFRRVVBcVZ0RDIzMExJYnViYw?hl=en-US&gl=US&ceid=US%3Aen
Where’s the Indian Economy Headed?,American Enterprise Institute,2 days ago,Derek M. Scissors,https://news.google.com/read/CBMihAFBVV95cUxOc1lsLWYtZi1VdXlHSjNrTUVla2RqVXNOYWowbV8tblp5SVNpMl9hWGJiUzMyZ2RKeENJZ1I3NWNfbTA3WVBuZ0tNU1lZSDJ5dVRVZUNBZXVJSzUwek1INDN4bDdrWGhkYkY4eUlzQ3E3TmRnNmVTS1E5V1FJeFJvUW9ybDk?hl=en-US&gl=US&ceid=US%3Aen
India preparing for a CBDC-driven economy — Central bank governor,Cointelegraph,3 days ago,Arijit Sarkar,https://news.google.com/read/CBMihAFBVV95cUxObWtmMmtEemFKS0QyUzVJanlUZlF3N3hNdU5BSTJkbXdRRlB5QmdsRm4tUUI1aGxZSnZIR1MwenBSSXJ1S000U1lVajF4bVU0TXNKTXdBeEZlSUtmUy1KUmhRSjI2QXQ2aE1xSVpheWVLaHFHSmo0SU8xQVRwTmZVdFhxcE0?hl=en-US&gl=US&ceid=US%3Aen
India: Is the fastest-growing big economy losing steam?,Yahoo Finance,3 days ago,Soutik Biswas,https://news.google.com/read/CBMihwFBVV95cUxNcWtNYlVSTWFscjRJaTJoSTNMSEx3SGVUcW8zQnFGS05LcE1sRmtQU3hSME5MQ2FwR3ZDOXhGRDhkUFBGaE50MHdwZUplLW50Wm0wd0RpMWVCNmRtRUc3YjRLWWEtY2JMOHl1ZmpoRUJBcnNrQk04ZzJOazlEZnJxbmtoVGU0Qnc?hl=en-US&gl=US&ceid=US%3Aen
"India's economy slows sharply, adding pressure on central bank to cut rates",Reuters India,Nov 29,Manoj Kumar & Shivangi Acharya,https://news.google.com/read/CBMiiwFBVV95cUxQOHlUQmxxTXBFa19EVGQ3V3MzX2UxWUVIUGJvckQxWWdHUTgwTkRzVjU1V0hVRzh0aWJZYmIwTjI3TlJCdElfd1RNNkRIdWxILU9pVHBmb2ZPM2dhS1Nua3dLYWcxYzdnd0xwVnowQjdxXzZKY2E1ajBJeFpyVm1XMVB2XzBGWk5jYU5Z?hl=en-US&gl=US&ceid=US%3Aen
India set to overtake Japan in GDP rankings,The Japan Times,Nov 12,Elizabeth Beattie,https://news.google.com/read/CBMifkFVX3lxTE11U296RDBuYTk3Qm12bXl3MVVJdkVEYWs4ODlXZlN5NWJmOUY3NEtoQXhEaTRjSVhielBPeldqOGNGSl94THhCa1dBY2hGdGhDUEF5bWF6bV9TenhvT1JxX3U5ODVEaDh3dHBWUXVjZDF4SmtrQVNoRHFvblBkdw?hl=en-US&gl=US&ceid=US%3Aen
"India's quarterly growth slumps to a near two-year low, well below expectations",CNBC,Nov 29,"Hui Jie, Matt Clinch & Lim Hui Jie",https://news.google.com/read/CBMixAFBVV95cUxNVzd4RGljb0JpWEhyUU1Nem5pdU1EWkdyUFNmS0pjVVVfTDZZWnlDTXE2MTZ6VldJR2s3dko2YUdqZDJGdHlUVXBhOGZRaE12UEJuVnNTRmdyNzB5TnEzNlh2RldnODJFVF9COXQ4Z2lYcUV0cWN5WTZWVG14WGlhckZ5TXBIazkyX2kwaFR0V0VXYUpPYWpDS081Q0RQVm5wNHlObW1GMndMVDh5WExGb2xMdmMzX1lJTXQyaVBDSzczdm400gHKAUFVX3lxTE5aT2hvUmxjdEk2V2pDS1RKZC0zcEtwVl9TNW1jdVVGODlYN3VpNXZIaVVjLWIxdGxBTGtRWE80M01nZWR6alBQa2NELTVmRTJOSmdDMnI5RDVDNk1Bc29wdFJkVUhpZmtUQVhhNFlSMUtnV0phM2Z1Z2VmcHp6MngxbFBYSWhmS2MwZFlJekJnTUFiZTRFbXAxaGliOHRBWm5BazFSZlAxT0RtWXFwXzN4aC1Xci1YVGJuRGhNWWlNVnNPVl9ITkxyd2c?hl=en-US&gl=US&ceid=US%3Aen
India replaces central bank governor in a surprise move,Al Jazeera English,5 days ago,Missing,https://news.google.com/read/CBMioAFBVV95cUxPZlFlVmFGYlJndGRtTGVteTVpS003bmNSQVJqckU5QzFOT3dYN3IyR3gwWmJZYmg3RVEzcDJIcEowbUljdlpobjdaeG81STBRcHd0SU5zOEdLTGtfUklwa2ZNelJ0NDE1R1dfMjdiYy0xd0xZRkQ1TmVXTnFqSU05d25DUmpZRlh0ZGs0SGNQTVR5NUdJYkppSmt6WmEwb0pH0gGmAUFVX3lxTE4tbE1mbUUxdDM3Y1Y4WnpLVUVlWDBfUzVMQUZnMmRUSmtLMnpCTXBUYUhxOEE0VnRfSzUxc3RSOVp1NTVZRE1Ob0ZEWDJpeVI2eE1ZdGFRRzZldnFtZHJza25Oa2k3d2RUcUZDY0pTVTR1U29qT1YzSTZGMGozcVR3RUxkMGxxanVmdlZzem5JaG5zMV9hOW9HUFM3Uzh3alIyd1F4WlE?hl=en-US&gl=US&ceid=US%3Aen
The Fatal Flaw in India’s China Strategy,Foreign Affairs Magazine,Nov 14,Kalpit A Mankikar & Harsh V. Pant,https://news.google.com/read/CBMieEFVX3lxTE82elM1N2tCREQzMVltbjRmZG05VDBWVXdUbGx1b0NTUHpyRnpLTjU4V3EyUVkzUEEzR3ZhRDdUcllSa0pYLUlTZXhvR2lieHNTYzR4WnFZd0ZhRURKU2dBN1NUaktCdktFZXJqaGJQRXRzaE5NQ05wSA?hl=en-US&gl=US&ceid=US%3Aen
Foreign investors fear India’s stock market boom may be over,Financial Times,Nov 3,"Joseph Cotterill, Arjun Alim & Chris Kay",https://news.google.com/read/CBMicEFVX3lxTE5IMHJ0NlFORTZMNXlfVVJsNnctT1FZQV9xdWJGejZuUHctSTBqeHNNRU1aQzE4U003STc5WTUyajE2dEU2QjFaSEw3ckxEYkw2aXIzaFFCMlF4cjQxNVZ4Sm5YS0VwZ0tWNEw3SFd1RDE?hl=en-US&gl=US&ceid=US%3Aen
India: Is the world's fastest-growing big economy losing steam?,BBC.com,3 days ago,Soutik Biswas,https://news.google.com/read/CBMiWkFVX3lxTFBqMDFPMDhxUk96VnZSWG9lZlNoTUN1N2h1Z1lJTi04RVpmWkNmb2pMT2FwM1JoQW5Gdk5qN01kOWlNTFhjTS1oZzJRc1dVQngyNFBwaEQ2Nlp3Z9IBX0FVX3lxTE5QTW1FUWVRUTliSF96V2FGaWJCbXRBNlRsSUNwUG5zUWhTSy16Wm1jVGFMM0hZbl9SQ3FXMHU5UDl6NlVTWmtoMDZjQ3dmd212SFRUa3FiczF1OThzMUxN?hl=en-US&gl=US&ceid=US%3Aen
India’s economy is likely to stand firm in an uncertain world,Goldman Sachs,3 days ago,Missing,https://news.google.com/read/CBMiqwFBVV95cUxNUy1SS0JPZXpjelFJUHZaQ2dmU3FkQ051QnJ0c1ZPeE1BdDJyU19nNVZkTVJ5TGF2d3JISzhCbkV1cnkwV25ubjVxVDVQOFhGdXFqWWVsV2M1LVJJQVVVTmk4bE5sOTJWNDNlVDhzRVpqbUR5RC1XWXp1bklBNERTc0Ixb3NsVGNWWEV6Y0huTlVoU0FZam5SRTR4Y2tURW5TalBFNTQyaGFzMjA?hl=en-US&gl=US&ceid=US%3Aen
India’s new central bank governor takes over as economic growth slows and inflation rises,The Associated Press,3 days ago,Ashok Sharma,https://news.google.com/read/CBMimwFBVV95cUxOT29yeHpzUzlxclk1bWw2YVpNd3JlVXNGV2lUZkxSNTlBaWRzaHJwVnBhS1VQRE1iZ3MzdDA0ZmlvS0hqOEFONlRBNXJoTXR4RzhEamFrVEE1T1JkUGJoQ3ZBcVpVekhGMF8xcFVCWEZMaFZzVEJDQzFOYXdoem5od2Z3YS1ZcEFBTzUwdDE4WWc5c0VVY25mb1FWdw?hl=en-US&gl=US&ceid=US%3Aen
India's Economy Climbs World Power Ranking at Japan's Expense,Newsweek,Nov 15,Micah Mccartney,https://news.google.com/read/CBMic0FVX3lxTE9ELXBZSkhMb2Vjel8xOGw2blFLVDhLcjdPazNEMEFDdEozWUNnWElIRC00aVAtZFZ3SFhrX3J4NW8yeTVoaXlGS1ZMY1JEMEVHUExCaWZlYWFtMFNoT296XzhwQWVUZkt4cUtQc19QRDVLdnM?hl=en-US&gl=US&ceid=US%3Aen
"India's economy might not grow by 7-8% anymore, but some sectors are still attractive: Vontobel",CNBC,2 days ago,Missing,https://news.google.com/read/CBMi8gFBVV95cUxQdkxWREV3M3JVSlRoeFpiV0lET1c1cFhHSEhHSGR2eUdrRmRHUXlTSl9hWnZoc2p4R1RDVFBmWEYtUW0xa0JORUlLWUFEZ24zT2M4UUlXZmlwM3UtWmZXV0xZbGl3MEFWU1ctNmw4SjJtZEZpMnIxeG5KUy03N3cwN3hCR2dsQmY2Q2NmMXRxQTZuWWs4djlua2ZvR2pOVHo1b0hzMFZuZldpeEo1QmhVLU42c2FDVWRGMS1wcGZsUDM4LXZFOTlfc0g4YnNtQmRCZ3Y3N0hSY0h0andJanlHd2ROa0RYaUw0N2k1NEM2WHQyZw?hl=en-US&gl=US&ceid=US%3Aen
"India economic outlook, October 2024",Deloitte,Oct 22,Rumki Majumdar,https://news.google.com/read/CBMikwFBVV95cUxOdG5oczZWUHVsTkVFQ2puYjB1OVFkOURna2pST3R0Y1hHdXl1OW1VY1ZOeFZKb0p2aWU4UTc1VVZzdFpBaWhvb0x5TGlqbFZoUmlUNGpndHdzeXFwNFBTeGdxclF5a2VBTHhmYkIwTnZGUE14NnpvdW8yLWNwU2c0MTRaa3NuLU8tMmJUQ3B2RnE2Vjg?hl=en-US&gl=US&ceid=US%3Aen
India Shouldn’t Let Its Data Turn Chinese,Bloomberg,4 days ago,Mihir Sharma,https://news.google.com/read/CBMirwFBVV95cUxNOFJrVTJaSDdWXzloNjZCUXJ4VUFEYUFwSVpCM2hvb2Z0ejB1QTRyVXR6VEdaOWU3SkszTTJZRnJndWtyUVU1T0M4Um15OTJ6X0FGSkRSTDM3ZW9Pcjk1b0c2TVJKVDVMSEJTREdEZXNvQWxDcHVPdktldDEzSjAzb3VyRl9NTnRSNGVvY2RnRkluMDl6VDZhMGsyWnVYc3FGcDZjRHNtT1p1cUpUbC00?hl=en-US&gl=US&ceid=US%3Aen
India’s Economy to Remain Strong Despite Subdued Global Growth,World Bank Group,Sep 3,Missing,https://news.google.com/read/CBMivgFBVV95cUxPWll4bEw5d2hvZU5ILUZFZlFBeFRWc3dIMW54QkJjank5Znd4WnZwWFk4LWgydDVja2hESG1wbEk2R2FzSjJpY2dVTXRQaEpPa19tdUxZXzdBdzlMeXZFY0JMTk4xZ3JGVWUyQnFnWmFDWnZFY09pc3VYbFFRMk44ZEpISldTb0dRbHpJck91ZWRGdDBIclBDRG90TzFlUEtfeXVUNnpITEJ1R2tMQXRVdWdhSG5mTVJzdDNpemN3?hl=en-US&gl=US&ceid=US%3Aen
India’s Ascending Role for U.S. Economic Security,Center for Strategic & International Studies,Oct 29,Richard M Rossow,https://news.google.com/read/CBMifEFVX3lxTE50SzN6dzJfclplLVdLSWFvZnVZMFB4WTZnc0ZyazhzbUUweEx5Y1drbVZJQUVBR2JIaFN5dEJacHVtT3Q2N3Zfb2tfSVFmRlp5ZWVoLWNZU1J1dHRjNUtYWEFIWDZwYmxLM1E4TVFrMzBuSUZ6NUstaFk4dV8?hl=en-US&gl=US&ceid=US%3Aen
California Remains the World’s 5th Largest Economy,Office of Governor Gavin Newsom,Apr 16,Missing,https://news.google.com/read/CBMijAFBVV95cUxQQXozbkVpbE9jYkZraFg0MnJ2YUFRWm1aZEVWaXB1Yk5LMlJXVGw2S09rXzVtQjFKejU4T1VBbnVCbEdPUEdDUFVrd0RyQUM3V1Y4Y0tEVEl4SDk4dDItU2JKcjl6N0JMQVNacGNYeTZWaHowU0RRSnNUcHpZaGJ4b2hlUzhYRTdPRnI5cg?hl=en-US&gl=US&ceid=US%3Aen
India’s economy will soon overtake Japan’s,The Economist,Nov 20,Simon Cox,https://news.google.com/read/CBMimAFBVV95cUxQOXN2ekotWU9veTF5ckNlOWl4U1ZpUVJuQkNrdmZyRUw1U3FUVG14OWk4N1NvbWowLTBmQzFaaFJvZWNtZ05faFRsUVJlNkoybjVyMnplMTdEN0ZuNHJ6elB2Tzk1RFNSVHJLanFGNUpUbjZRM1N4TElPLV80eURfMkVYQUdsd0FQWmFoTnVZaUxQeWlIcHpZeg?hl=en-US&gl=US&ceid=US%3Aen
How Nehru’s vision hobbled India’s economy,The Indian Express,4 days ago,Missing,https://news.google.com/read/CBMingFBVV95cUxPNnFuUGx5RGhUaWlrcFYzRTh0RFlzWFBMM1RNeHJXLU5CUlBaemt6RFg3bmpLUU1BZGhVaXBVamF4QnhpemlKTVBGdTNwdjV3WWVXWWhFWHRmMVVkd1ZlMERxdzNGbHdPeXcyYUh3c0F1NWk5REJnUng3am5MYkluaHVTRVNDZWFqazFta3dTY21uNHBFbm83NnE3R3UtZ9IBpAFBVV95cUxORkhoZnRhSmdSOGdVRlVyVFh4Mzk3emYyaHdxWnVLbTc4RnFTTmNyWWROdUZjODVZeGlNTXZzYXY2M3NLTDhYM01ETnZzQ3RWV09KcUl1QVVnOElRQmY1UXJMOHZMaWtPS3ZtanNncUNWcl9QeU5acFk3WEw0NXN3eHR2cmlJTU5oa0FWbXRnUkxvQm5iaTg0Rk5ZQW94SGtWMVdudQ?hl=en-US&gl=US&ceid=US%3Aen
"Liquidity, not interest rate cuts, is more important for Indian economy: UBS",CNBC,Yesterday,Gautam Chhaochharia,https://news.google.com/read/CBMisAFBVV95cUxQcTlXSjNacTRYUzRlSDdkWUQ3cXczVUcyMGJ2dVNkTk9rd2RFTXA2NG9TMG5HQjhTQ3lkTkZIb0p4UWxQZ0NRTUM1cGxIdHhHR21wMGpqSzdHZjVJNHVSblRaUEhQSjRJNDJNQ3JOWkNFN19Pd2FMcWdjU2pMb3pUZEZtbmNpMExEMVdCaFgwSi1lOFJTbjlBMF9jbkF4MUs0blBKVEdWVWhnaldxak9XMg?hl=en-US&gl=US&ceid=US%3Aen
India economy grows 5.4% in July-Sept quarter,Reuters India,Nov 29,Missing,https://news.google.com/read/CBMimAFBVV95cUxPNi1WSnk4aTFScnVZcjdkcWE4YV9PUzRmS1otZTJoRFBsTndielk5OUptV0piTDB0TmtUY0FmSFd6amlpekU5eTBDRV93V0RsSXZHNUFFRUZCVDVRbEdWZEdKY3Y2TWxTdWE4WU5ZdFc0akFrWVZ5NDNIbmVfWnllV1huc05objl1WXR3eGFhbC1mR1FzS1BuUA?hl=en-US&gl=US&ceid=US%3Aen
India's RBI supports growth with liquidity boost but holds rates amid high inflation,Reuters,8 days ago,Swati Bhat & Sudipto Ganguly,https://news.google.com/read/CBMiugFBVV95cUxONUV1RmNIOVRRVkxmTHZnZVl1S0FrUzRjZzRGNWtoQnBwWmFLY3lxbVhJUXNZZm8xaEtTV2dBRWFRWWgzcG5ZdHFYcE5xdS1tVmRlSDU0bTJyM1FaZl9ycElkcUs3dTgwRUw1LW9ObXI0cUhmdzFrSzh4MEg0ak81dWsxU09ldEpKeWlQV3Z3QWgwOGc3a2dOVlBhXzFrLWRkcDVocVd3cHNpeWtRQXYxbXR4NWNFTDJrTlE?hl=en-US&gl=US&ceid=US%3Aen
Gautam Adani: How US fraud charges against him impact India's economy and politics,BBC.com,Nov 21,Soutik Biswas,https://news.google.com/read/CBMiWkFVX3lxTFBJempEV2hkMkI3ZFRlVDEyN002U0x2ZGlKX3FlUjVhbV9LRW55dzJaTENvWE95OVJyMDA0Vk9YNTkxWndqaXJIamhCUXExVnd1OU93U0x4aFk5Z9IBX0FVX3lxTE5zN0dfQjBtSHR0bHNPZUFzX09OREs5amx3RVhUdkhyS29PX1BYMjZSTzZTRzc2Ukw1UnlEM01qa0NQUDVjbDg2bWRiR3U1SGV6dzZEWF9vUnZucHB1V3ZN?hl=en-US&gl=US&ceid=US%3Aen
India’s growing role in the global economy,S&P Global,Sep 19,Missing,https://news.google.com/read/CBMiuAFBVV95cUxOMU54MFBrbGpoS2oxcFBHUkdiQVg3aVFNdXk2YmJLS2hnSHo2OERjeDZiamtBQS04SzEzcU9yT1lxUkZxbHB5V2tPR2RDZHVFamJrcGtVODY4Z2FTYUJQYzNRWmR6V1NGTURhN1o5VlNiUklQWDNLRFk5dFhQRlBPamJ0cWtYemI0c1pYczI4NWo2bEdGeXZGVjAwQUs1Ri1VUm1TdE1zVlB2OU1ycjhwU2xHQ0xETVBU?hl=en-US&gl=US&ceid=US%3Aen
Is India’s economy slowing down?,The Economist,Oct 10,Missing,https://news.google.com/read/CBMifEFVX3lxTE50WHRzLXhJRmVFcElXQVFlX1dLZXNOWjJoNVNIOVVjd0k3SmtmY2o3azZZR3FKUjVOM0dIcmdZMUpDTVFfRmRCNVVZSTlnSXJJRV9wc2lYSlRvbHdBY1dGdjFzazFOVVBuR05qejJ6Q1k0cktlOVJTZzlBRk0?hl=en-US&gl=US&ceid=US%3Aen
Trump Era Begins: What it means for global markets and Indian economy,The Economic Times,3 hours ago,Abhishek Goenka,https://news.google.com/read/CBMi2gFBVV95cUxNU28tVVVsS0FQMWp5eGY2ZEdXTzkwaU1oNGRZUVZZWEpzN0xjTVpveW0wZ3duaXNMUnNXcGZ2aklnM1pMb0l0VUl6OHFXMWhsREh1UDBfOUtIVmFfTVlDM0FfXzdObHprZE9UWmhuUFBsdGZ2bHNWZG1wN3pPQ2JGbW9TT0lOZzY0ODdJT3N3dFc3Wmp2dkNTc0dXckQ4amhxOXBCd0JQb2JReDZENFh4S1NVU0xhSmE4UDBCY1pYMDlOQlFpTW1WYVlLVVdzck8xXzl3SnFqNFN1d9IB3wFBVV95cUxOcklIU1IwbWlfQWZmcVFUM0ZadVc4VVB0c2RrZnBUTGlyUDJ1bWV3czJDRTgzZ2pkajlFY01oMzVnV1Z2WGxrVnRVb3JOdEVLd25LaFJQcnd4a25IN0QxaTdWc29pQUdnd2tXR2NkYWhJVnd6bkVhZllHaTkwNzQ0eTdGM3dDZWhvT2JnZUduTGNZZzk1M3NfbHlxTXFMU09wRlN1RUd6dkp2VlV5aEVvdnpuQVl4S2xkVVpqMGRFQmt0YVl5Tnk3RWo3Sl82SURwUWc5Z1BNNGZsdU1LTHJR?hl=en-US&gl=US&ceid=US%3Aen
"Faced With Regional Setbacks, India Flexes Its New Economic Muscle",The New York Times,Oct 10,Mujib Mashal,https://news.google.com/read/CBMihAFBVV95cUxONV9uR1VOdXZxZnBoVmZGbzhkcGR2RW9ZdDkyVV8zdlFPZEtHdFNaUUtSSm9FYmRMbmR3QnpMZldEbnFsVC1Sd2ZGbmFKNGtfUzFFX3BidlRfdHh5SklBR3hrZUZKc1FqanZCczN5Y3Q5UHhFODF2QkFKN2tnOHRaNVJpa1o?hl=en-US&gl=US&ceid=US%3Aen
View: India is sacrificing growth. It needs to stop.,The Economic Times,3 days ago,Andy Mukherjee,https://news.google.com/read/CBMixwFBVV95cUxOZ0Jjb0JaMG1kd1liYUxjNXJKOXhyc3RWZTZZNjI4d2FsbkRUM2oxSTd2eDRVcXY2T2FtamRadEU4R1ltTVo2X2ZvVThnY0cxVVhEbkdjT00xTWZCakpsUV9VYWZLRVNnNGtSVGx1dzJCSTh2UXNPUmJHcWVuVWg5Ri1RZW9tSG9IMlZKQnJZQlk1WHpQcFNOXzZkT2tla2JKTG1ESjFCdXNpUjVvSnBSUWN4bmpNdTBjR2JPNUdPUzVsQjdZZ0p30gHMAUFVX3lxTE00cDdQOU96VXo4ZThSckEyNG80OEFtZzg0bUxsWFE5am14YW4waVhpRlg0TlowQU1tUUd0YUZhUTR1VG5BSGE2SjNZbjVpM2ZaaUliTmE5RmdMUnVfSlRTRk5TWU5lNTFVWTFVd1hrMnY5N2RzczNxOVNYb1M2YmZadXRiNUkzWEhNRGtPSEV1WG1tWHFFVXZnT0FKTy1UbzVxMVhla0dZZ1R4MU03Y2RuN1ZlWFZlWEhNakhVdkwtQkZxNGZpNDlaWDZmXw?hl=en-US&gl=US&ceid=US%3Aen
"Corporate Profits Quadruple As Wage Growth Stalls, Raising Concerns For India’s Economy: Report",Swarajya,2 days ago,Missing,https://news.google.com/read/CBMixgFBVV95cUxOdGJZdmJtdkZSRnNST1FuN2xIRmZhZHhLdHRiMjYzWnY3UVphRDc0NGhITmxoTFlhWG1qenpHeXZyTVRTTjNscFk0a0p1cXE3WG4ycm9meHR2Nnl5dno3MXFoYzA0MTJBZExXendRa0IxdWxCdFZVOTdHNTJ6c25RZE9Ja0ZuV2xlNFB1VDg1TW9FSXJHMlQ1TWE5ekUycDFabmVRZ3ZCdmpQaFlBWjZzdWZCd0dIQ2lRanN5UWZlZk9LYjU2UmfSAdYBQVVfeXFMTWRmZkpmbWYycFFuZWlPb25zVURSdFQ3c3hwSGdjc3JrMTJiVVRvdG5rcTdJU0gyRk50aE9KRkR2MjdzVVYtWjB6YmpRaldKR2VxRFNFRTgtYTdrVkk2R2NwMGNJa0I1ejI0V2ZNYUp1OWhjSHlDUjlTdGlRVHg4QlJXclplaXFvVGFEdTR2UVllYS1leDRUT2U5QkU5YUVKdC1Jd18xdEtEU0VuZURXcW9VS0phbW10QVR5VFhnZ2lBNXJjRlNJeEktSUktbDQwYkFvUms2dw?hl=en-US&gl=US&ceid=US%3Aen
Indian Central Bank Governor Shares Optimism about CBDC-Driven Economy,Coinspeaker,3 days ago,Bhushan Akolkar,https://news.google.com/read/CBMimAFBVV95cUxQT2VseHA1aW42Q1ozR0RsalFvSUZQTmUtT21Wbng1UGtRTlNPLTJFU3lvVWNnX3dZemtwaXBCdzhxallPZ2hzSlJZYlJMcXozVURuemZySVg5UF8zdWxobVo5YVpMNjJESUpwekFQQ3RjQTh1QlVGYXFDYzlLSjQ4THVfSnVvRGgxbHVXZGcxZTdFS2xpemtLUNIBngFBVV95cUxQdUZ6OXMzR0VZY09KVndGRnZTeVpnSUJMb081SG9OQ1I2YkI3ZnozeTRwQ093dUFrcXYxdWFjWUxNdkwwMGdVYnczY0tIUEpvLW0tOGY2eVdrOVM5ckQwVElNWEZlclNvRFFQNV9zM3BzNnFsTmxXRmhfVC0wNldHOGJPUGhzWTN0dUdyUGRpa2VKWmFGNTVNSmMwNkpPdw?hl=en-US&gl=US&ceid=US%3Aen
India’s Economic Aspirations: A Conversation with Finance Minister Nirmala Sitharaman,Center for Strategic & International Studies,Oct 25,Missing,https://news.google.com/read/CBMipwFBVV95cUxOWWZGWjRXZnpscUYtVUJVZkF3NGQ4YTJDcVhYUEZVaGFCRmppbmNrdmMxT21vZnZYenYzWkFQUFBxSk5aYnlHRFg5cHRFdXMwQmEzZUlKMTRFN2xNN0pZWllidU1udFBFRnNsNDVQT3BCRXNya2FHSlpVN3lQUjA5RGVWZTlVN3pMQVdxcWg2WlNxMU85amhpLTlEY0tUcFUzZHpLMGRhaw?hl=en-US&gl=US&ceid=US%3Aen
India’s Economic Growth Weakens to Almost Two-Year Low,Bloomberg,Nov 29,Preeti Soni,https://news.google.com/read/CBMiqAFBVV95cUxNc2NBX2RGNElhYXVuN3A3NlZIdHBZQjluTzBOS3ZOX2VFVDZsUGVqVlA3MkxaakNlUmJ5aFB2cUx6c3lhZU5VaWl6X3hoYjE5ajdjMEZ1aFlKWFFSR3FLMTBKNFdibXFiWlNTZnhSRlhNazFTa0N0bmxYYjg3WUI1cmE2anZOaDg0NzdETndib09KUUV1cTJoSGJYZGw3dnVwMmlsWFI1alA?hl=en-US&gl=US&ceid=US%3Aen
"Fitch, CareEdge lower India’s GDP growth projection for FY25",Deccan Herald,13 hours ago,Gyanendra Keshri,https://news.google.com/read/CBMiqAFBVV95cUxPUlV2aWJoOFhxOXVIeDRyUGJ4aG5UZVRSODU1ZG9yY3RMa1pMR0pzWHliSjRWalNTNy1UOGFhcEhqbGtxOGllMFhPenprT1M5U1pzWWkzdEsta2E5OEotU1UtYVN0V3JEclZVZk1yMFNDb2I2NHU5WTRKYVEtZzJURUp5NzhYaGlMYWZIWHQ3RWJGOTJoQndEZDNKU1c5Q1RXNG5tZ3JYUHM?hl=en-US&gl=US&ceid=US%3Aen
Sanjay Malhotra Appointed as New RBI Governor: What His Leadership Means for India’s Economy,The Logical Indian,5 days ago,Missing,https://news.google.com/read/CBMi1gFBVV95cUxONVZOelFMNkNreFgyRzZmMktCeVU4TXIxa21oUTlvWG1WYlhNT0hJQTBXck5XX0U0U0lTSV9WSG41UG9hQy1jVUh6M0FnMmFobXdxX1hhNlR4d1h2bzFudzFPblNlUC1kcWFCZmdRWU5DNXBzOEFHM1pxQm5MdzAxSWg5RGZ3YUF6ZzBaa05jaWRNRllaSXRBTUNfWlJ1TUZMUkNfaExNYVRkSHdpQTdkSFZUMnBaS19WWWZ2X2ZmS0hLeEN6czU3R3JOZ1VIcnU3NmJUZ2Jn?hl=en-US&gl=US&ceid=US%3Aen
"Economy News Today Live Updates on December 13, 2024: India FY25 GDP: Fitch slashes India's growth forecast to 6.4% from 7% for 2025-26 | Mint",Mint,21 hours ago,Missing,https://news.google.com/read/CBMirAFBVV95cUxONDc4Q1BIRWNEYkp5ZmFzdzA1SWhUS0lWYWlfY3NQTG8zV3FCdmt6X2hoZnpxc2VFTzRIZF9MNVVOVkNfUm9wb3RIMzlYRUJXQ3VsTlJKdGlBZE5NaHliV2xmZXFjVkljQ3B6bFZNR0ZqTVQ5MXc3cy00MlIwOW42Q1BlQkVBZU14MUV4S0EtUG9iRzM5TDdra1hXOVYzLVIwYUxqSVFxdEVZTTQy0gGyAUFVX3lxTE12aktpZWlGZWhqaGxpbnBMd2pxX1ZGckhoWnZUY1Bwa09BRlUwRVFpd0N6VDZnQU5vQ280T0JUVm5lV2xyYjFkS3FySGRYckpxN294TVN0NVh5djE3Mm5QUUl4S2ZjcUpWWWZHVFpoUmp4dFh6ZGpWMWtHNml5Tm9DeVdCbDVtSnU4ZUF3MVZ1d19MMWVIaHFic2tkS2ZPMjJKTnZhNmI4dmdpclFiS2l5REE?hl=en-US&gl=US&ceid=US%3Aen
How Strong Is India's Economy?,MSN,4 days ago,Missing,https://news.google.com/read/CBMiqwFBVV95cUxNSGg0Z3NzbzlxTXFjV25tak4weHhtOHU3cTRsQmpxeG1JS0E1aF9PLXE1RVMzUHg3RnBtS05MUzkxT1lMbmVYTGJfV3pKd3Y3Zk1XaENjSV9EOHFOWU5EZV8wWkRuRHZWY2RxeWRoMEpXSTBGc0JLNDZrbGN0ZkxJdTRIc19PNkh5NDRnNGQzVHhpSlNNRjFJT3VnVl9ZZWdEMEZJdHFQUmVGb3M?hl=en-US&gl=US&ceid=US%3Aen
India's Space Economy Set to Triple in a Decade: Union Minister,Devdiscourse,26 minutes ago,Missing,https://news.google.com/read/CBMitgFBVV95cUxPazFoVkkxNWxTQ3BIQ3p6bmRCYXctekNtalhVR1FpMjU3UW5Dend3ZUlsSldGcUw3X2ZuSDZYd1doR2tzdlN1M3lUWU91R1p0RlVPbmtRbTNiRzRxMlFZRmNGZzNMZTd5eWMzbzJCeUEyaEhWZDJac0RTcjJhZ0JBLVVJR3E5U29pRjRtYkpfaEVBZWJEU0ljNUQtNFZ6d0JkeFF3S28yMVNNNy1RV2FPR1R2QVozQQ?hl=en-US&gl=US&ceid=US%3Aen
"Liquidity, not interest rate cuts, is more important for Indian economy: UBS",MSN,Yesterday,Missing,https://news.google.com/read/CBMi4gFBVV95cUxOU040NjVBTWhEelNybzFPOGxub2JXaHg3WnhDc2JLTjFlLWxTaEtrY3ZZT3NVWk1rU1Bxc0RSTHlEaE43ZkpWZ0o1YXdDQ1J4SV9DQzNvekhRWnB2TkdaLXlnMmdvRGdGQk1nMjg5OUJrdmRGQld5TF9TTEc3bXhiaW41RFhxaFJFWXlnN1k2cTBmdWg0MEtuRVEtYkRXZmhFeVNseTdmRUp0ZkpoVkdISFp5ZTlSUURXOGFicXJGLUIxSC1RbmJMSFJHb0F3REFkVDhMSGcxd3oyWWJZcTEwV3Zn?hl=en-US&gl=US&ceid=US%3Aen
"India's central bank revises down economic growth forecast for 2025, keeps interest rate steady",CNBC,9 days ago,Missing,https://news.google.com/read/CBMiwAFBVV95cUxOX1FRSnRRNmU5MVZVdnFtWlY0VVhVRlRJeU1kRl9qQ3Q4OEVxREpvZHNwYzRZOEt5RFQ1VkFlWlI3bXNVLXY5am1UcVUwdXpFT3kybG5uQmpwbVcyTjVyNVlHSUppRkFMVXhkWmJWR21sQmhtdkFUYXVJRG0wbVZfQXpXSUx0bmlYazloa2lrMzdRd2I1eXpFaGo1ODB1ZGhVNEZQUFhLVTJVbWlJMEs2Tzh0VjhvU3ZaNzhCMWVCMmnSAcYBQVVfeXFMTkNJLTB5NkR2NVNITnJKWUI0cl9vU1JtQVpmWDhjQzlmbmtkTTN0NXBTOWl2a292T2Q0b1FkRU1VdkhZLUpNYllfQkFDNWozRjQ2Q0ZPbHRhTVM4V25TbWx6bWo5b0VoOUFLLXUtN2kxWmtvZlhFallKSTdHYlg2eHd1ZkYyQ2N1Z2h3b1V6SDhRMFRQYUhUNWxHdkZRSVdmTks1bmpJWkRnb3Rld01vb3RPdlA1QV9Obzl0R2VaVnlyVHFoV3lB?hl=en-US&gl=US&ceid=US%3Aen
India's economy poised for robust growth ahead of annual budget,Reuters India,Jul 17,Manoj Kumar,https://news.google.com/read/CBMipgFBVV95cUxQRUpHWEJYM2dieXpoVV93ZTM5NktrOUl6N0poU3NKb0RSSmtBSW5jZGJRMnZ0MG9seVhfTVhWVEpmaFpnNXBDc3RubWxrUzVESHdoeTI5V05McUEzQ1VaLUhPMGc0QnhIM3lNR2tVckFoODQyWnNDYS1FR1BqLThYck85c1psLUdHYmNkMkhVMklkMlMxZTVrUUJMNGpQX0dKRERPR0JB?hl=en-US&gl=US&ceid=US%3Aen
"U.S. Latino GDP skyrockets to record $3.7 trillion, with growth rate outpacing China, India",University of California,Sep 17,Missing,https://news.google.com/read/CBMivgFBVV95cUxOZEJJSGp0bzlwMHB5VWtRU0p4NGNjbDZCd0ZPQkdfODlTVnNWWkxwdlNXc1lRamJBanB5WFJTM203MHJrOV9vX3pkdlhNSlFWLTZfeHFSa1NuaTRSY0hmQ21mdDdfbE9mWEt4cG96czJUcXliSWxPc0pWUXNKd3U3YjN1SjBZd0RzZGRzY3B4ampMSjU4NFBhcWNBcEppcUF3N19nX3ZSTU5rcElMOXptQTZnS1hSUk1JX3BGY2hB?hl=en-US&gl=US&ceid=US%3Aen
"India's FDI hits $1 trillion, and the biggest investor is a small island nation whose GDP is smaller than",The Economic Times,Yesterday,Missing,https://news.google.com/read/CBMihwJBVV95cUxNc3JxaXptaUdEWkRETG5LVmJrRVh2eWJGd3IyWWdORExfekVRaUhWZ3JuOFA3czFxZmVKNENvT2VFcC1XNHVJYmNOTGhQU3g2RjBTcnlVTVJFUVMxRkZja005cy01SXlOMU1aQktjOFVYQVhCeHR4VkNoVkl4RWQ0V0plZW5zb2NnV0h1NV8yaUZhRWhaVWpwbndMWTNhaml5OFl5bmdYSVBPaHZ2V3ZZLW8tUGJpUnVrbVJRYXFEdkJaVnpSWWw3UWdyYmFiUGR0ejlBN0VsQ1kzTkY2Tzg4NXdlWUhiek1PUk96VDhWYnhiZ1hiZUQwdmN3TURRazc2aFY0MFozc9IBjAJBVV95cUxQbjIwLUxsWHFRbTBHRVdPMy1IU095MnJ1UXVLTUxWUjhOTE9KdUZlMG43cGREVEtCUWktM29Sa05jUHNkZW5JSTNLeEstRG5QVTRUaERRcEVxQXh2TFZpcnp0Q2NrVmViVnZEakxJVExoZ0F5dEZzVnFPeW5ZNGxIWDI0M2hYLUNRR25GTFM1N2QwdmhJck1IZVU1eUZZOFM5RFhybGg3T3hzcXA2S1Bub3ZRY3BPSjZwVWN6U0RUNWVMTS1CaHl2b3hCaWdXZUpDcjNUYkwzSXhWcE4zVHMtdlVFUGhRZTlpOUtmYzZKYVBEOUNwdXZHRnlPekFnaVdUQVJETUZXR2UwR3Vf?hl=en-US&gl=US&ceid=US%3Aen
India outperforms other major economies even as growth slows in April-June,Reuters India,Aug 30,Manoj Kumar,https://news.google.com/read/CBMimAFBVV95cUxPMjljYTBWa1M3UTlyT3JObURFXzBic3pKNUpiTFBJaU9aYk5vV2NqTUhubkVFR0p4VWtDUWtpTFNvQmVOd2RpMmJzR2NRMk10X29zZXV2UzNVaWFDLVZlNXl4SEJXUk1XT2lBT2taN0RFOHlYdnlrX3RrbzJHblpRZzlydTlFVFk3YUhFT01zb0RxSUU1aXhmNg?hl=en-US&gl=US&ceid=US%3Aen
View: India shouldn’t let its data turn Chinese,The Economic Times,4 days ago,Mihir Sharma,https://news.google.com/read/CBMiwAFBVV95cUxOclZfdno0MWc5UUJrTXVoRkQyX3NibHV0OW5WSXdRaWZsa3Qtd3RUNXBBUU9sUENoRUhtT0g1dFpjNFlTZjZuVzdOM2JSMUpTOGNWZl9DandkNXRDSlBrYzBOaUZiUEN2cFpIR2FRUDl4RFV6ZXVJSV9VNXNNWHYzX3phYjhnekdER1FNZ1dJMEVkS183b1NuQmE3NmxpeXhPRnZJZGRhR2pyTXFsZk43T19YS2RVVkk1dDZIYURLNW3SAcYBQVVfeXFMT21pTF9hLU1aRkJqY3BMM1lTNjBLRTNKdjlmMW0xcEdsc2Z5VU9BQS0tZkx4bEVwWXpZYThJaFZMd1F0V3pXaDRmUFEydlRmTWRHeWF4dmJCRE5Dd1k4dklOc1liTWpZV0p4aFBveWdjXzh1ODNqQTF1c2lua25WNDRIcW5jUGVwcldkcXFqRzFfaWJfRThuaUJtYldCMTRLRWpmMHpUbGtBZGlJT1ZSLTVycnpvVGZ6QVBkTmh1M0t0RHBDUkNB?hl=en-US&gl=US&ceid=US%3Aen
Fitch Cuts India’s FY25 GDP Forecast To 6.4 Per Cent But Remains Optimistic About Country's Economic Resilience,Swarajya,23 hours ago,Vansh Gupta,https://news.google.com/read/CBMi2wFBVV95cUxPbWtjc0s1c0NKWU15OVAxMG5oc0xNeW5SSy14czRGNDU5M1dydk80WTZFMnNmQ0dEbzFMRjRfU2pLQklWM1VqOGRtd3l1QlJobnVmU3FQMHBXei1CbzhUR2RsZXlOTXZCd3BpS0FlMTdyNld3OU0tZXBtczcybVVTaEJuaUxLNkZ4VzlBcnRKUXg1ZEh5WmU5WFFKQ3QzMDhpcVZKZGF6WjVSbUpCZVdtYklFdDhVUHJyYU8wNlNMZzBPT0drNmNJZUJvdzlzNWFFeWg5WmtaanN5X2_SAesBQVVfeXFMTVlmWmprWGdIRjFKN2tGNzUtMERacmQ1d281Z0M5cnBfM09UQWpxRXVOT01CVGwzU1lKRUZQX1pqWjkwTDJiT094VVE1OVp3ejVsYlJjRXR6MnI4ZUdXbF9RcHBvd3Y2QXFMNDEwTHh0SUk4OUNIb2RlMHlaVXFTMXg4Tk1LNnRpZUVBa1dGS1BINVFlVTZGZms3N19UWnZPQmYyTlVjU0Z0WjlYczR4N2FFODQ0S2N0b0gtaWZYdnBXUlpTUTVsdWstamI5UzFKejZLNnBqNHdxem43MVlraWdPN3lVMmxIcmZZVQ?hl=en-US&gl=US&ceid=US%3Aen
Relationship with US very critical for India to grow into a fully developed economy by 2047: Amitabh Kant,The Economic Times,Yesterday,Madhavdas Gopalakrishnan,https://news.google.com/read/CBMiigJBVV95cUxORmw3c0ZIUndTVGFfZWZGMXpHRVNOMm9SVDhsaWVodHJTUmFJUHJCVnZJU1VHNW1KemFnNW1jSXJ6SGJnU0NpelFtdlhOUVBDUGM3Rnk1VEZza0dUWVdMMVp2Vl9ncDNkLTdsazItS2lVX1ZDZWh1d0I3MHdkOFJ6eGc5dUkzTnVnTUNqbW1tMENhdzNFdG9ZdlFMLTJUejZoVTE4bFdnQVJpUlVhN2o1OXMxem9mcmVVTWM5WDBJdEhIbDlKZmF5bm1nZk14V3JCZ2FwVHBwZ0IzWjdqenpIM3BvQVdvekFxWHdPMGlkdDZzOHN6NzFVR29ieEp5bkJVVWk5dktKT3ZuQdIBjwJBVV95cUxPY1RueDJyWnVQdTc2QjVOUmNsRkNPS2JSY1o2T2JqS2RRTXNmLXRqVlYwYjZYRUx1ci1lUVRBSV9rUklzMVNFamM2LW5Zb2xlNGI0cmR1RDBLeXg4UURMRkVNcXZCaDBzQUZpMVFRY3Foa3RXT0JkQmYwQ3lxMGEwbExCX3NESmVvUDlKNUR1d2ppb2FmU09EUDU5N1U1ZUJXM2JqZVpaMXRPdmt0ZldIb01OdWpJTzRPVG1DR0cwc1FYZG5aVzVPaFVDUEdVSGZqTGdvcHVuREh6NVo3RmhBRk1OdG5tUjJpZFZQX1p0OWJTQjVxQW9reGt5ZFQ3ZTdKWTA1U2hQS2NQN29Zd3g0?hl=en-US&gl=US&ceid=US%3Aen
Some forces trying to harm India’s economy: Dhankhar,The Tribune India,5 days ago,Missing,https://news.google.com/read/CBMimAFBVV95cUxQQmZxUXAtYWlsNkFyUDB5aDF4NFJtd0hYR1FFVFh6TklKb3Q2dDBUZXlTOERWZFpMaGhQdUE2YmFQa2RXV0NPQkNwdVhOaUd6bmR6cjAxWDlTejBkd3RjcC1aODIxVkFiZGRMVzNZck1RR0pmTXZQcnFBWTRudGJmRFhuUDJacTVkQ1lrb2dzN3VxWWxfeHlYb9IBnAFBVV95cUxOakNmWm1HbGVEMGdfWHhlVXFZMFp5b3lEcHlpMGxuTjBPaXhnQVJOREZteXVMRnpCNTBwWlVQNEptd1F6YWlxNDNETVBMdTRlNkZYM3Y0N1BsaENnT0dRSVgySjN4XzFlZXFSTUJuRk15aTFLb2VXc0hhYUVuUU52d3Uxb2s3SHliaks5Yjhna1JKQnZNQ3oyZmpvY3Q?hl=en-US&gl=US&ceid=US%3Aen
Forces trying to harm India’s economy: Vice President Dhankhar,The Tribune India,5 days ago,Missing,https://news.google.com/read/CBMiowFBVV95cUxQWXpqU1BjZXFjM2dSOXc2YWpvVk5fNFhna1duOVZqZ2xaekVMNWlyaW84QWN0Vl9UNXpudFlrTWUtekZaNGdIWjROeXpGSFFmcUl1bDVUSVZUalpQYXlpV2NVRzdTT21PN19HQXJ5Nm5RYlJkcG5iMmtiY0tMWjdYQVhIS0VDZjZ0QkhxQS05Tkk2Y2hYNXZaUEc5bW1mbG1fakY0?hl=en-US&gl=US&ceid=US%3Aen
India set for resilient growth in 2025 driven by urban consumption: S&P,Business Standard,4 days ago,Ruchika Chitravanshi,https://news.google.com/read/CBMi0wFBVV95cUxQNzNWdjN5QmttQXVNeGlacHFGdHV2YW0xN29VTnM0QXpoMmd3VG1fb0lfU3hNTElCRFRUclo3RUZraGVRV21iRzc2VEt5UkhkZnhVNVd6RmYyU2F3TXJZNHFKd082dElEMW9pMks4YXRQMDVBOHlUXzVFb0tmS3oxNFpWZ3owV0gteW10eXlmemlpVlVhdXFFRGRiSUJwRElWY3pZd3RfRWZZWXlQOC1nTVRYOVJ0U3ZvVFpVbG9aNVdrYW1UWVFpWjlDWHlidjZkZ21Z0gHYAUFVX3lxTE12QVJxaVVTejNUZXVrNHdVbi1oalBfOGhpZWlDNmMtbGNYRkIzY05BYXVpVW9BQ1RfU2M4bTNZYmEyeXhWYVBOaFZDZldtYlFnN1BCVmhTQnEtTGt3WldPTExmbDFYdlBKTWVkVEdPYm5tSWs1cFJqUl9Id3EtSFRsT1RqN2owT05VLTA2RUNFcmhWVWZGeHQ4SktfbEg5VkJrMXFVRHdSUV9Zb1hkeG1JelNPMkJaWEpVUmx4cmpLTGQ5SHQ1aDJZa0ZsVG8tdFk1ZUpiUTIwLQ?hl=en-US&gl=US&ceid=US%3Aen
India economy likely grew at weakest pace in a year in Jan-March: Reuters poll,Reuters India,May 26,Vivek Kr Mishra,https://news.google.com/read/CBMiowFBVV95cUxQYl9lVl9ycEJFTk54dC0zQ3dxQmNqdlpJQ2xRdzJQZGRqLWJSSk4zT242YjIweVVlWGVhMWFnQU1YUWpLdUU1RXpRYnlOTlYyeVB4NFBRUkZiQk44YWEyN3Bkc0FUN1EzSVhzMkFTekVkdWVnRDhod3BFbW5INTIzM3lVWXJtenAzM0F5Rnc4bFpXcXpTbm9qMDlEX1NJc1ItU1hF?hl=en-US&gl=US&ceid=US%3Aen
"India economic activity remains strong, cenbank governor says, amid growth concerns",Reuters India,Nov 5,"Sonia Cheema, Siddhi Nayak & Savio D'souza",https://news.google.com/read/CBMirAFBVV95cUxQbVRsRDlZTS1QdU9Uczg5Zmg3NHBkcHZUb1VfNy10YjhrMWxnUzFJNWdwSDV2WktrbDBDOHNEYjNuWl83VG9pd1pGWm9PcV82UExSVGFibmRvLUdnbldTNGNFb0xCNjQ4V2dfMEZ1Z2l3TnlobFZyVDlqOTdrNVVsTkp4U1JHWDhaVmQ1aXNRYlk4Qk13TjVQRXZqdVFobDBZb1ZjbnRqcEM3eFlx?hl=en-US&gl=US&ceid=US%3Aen
India gov't report maintains economic growth forecast but flags global risks,Reuters India,Oct 28,"Nishit Navin, Savio D'souza & Nikunj Ohri",https://news.google.com/read/CBMiuwFBVV95cUxNb1RiZVQwQ2ZPanlxdGhKeS1xajhSVmptRmVqUkE0eWpRbWtPcHNaaUEyWWVxNnBnQ2N4UE5kczZGVmxXUWg5SEx2aWtYNEg4Rk9fYzB4dm45WU5yaDRHOTlQSTg3ZXBoV3pwNWFnVXdaa1EwVlZqVjl6UEpfcnhUTVpWU3ppWVU0WlZqUjlMcWh3NUFvMU96YWphbnphNWZmaFU2Umh5dVRRQ3hrX3RYQUhVQ1Q4cFF2X2w4?hl=en-US&gl=US&ceid=US%3Aen
The ghost of inflation may not leave the Indian economy anytime soon,The Economic Times,3 days ago,Missing,https://news.google.com/read/CBMi3wFBVV95cUxNTGJvMTctYnM5dFBWdno1UHY4Mm53VEV4WmJEcUdMU3NZVGZBWnFEU1pNNTJnS0ZyZmFpTDB1X1RnVE5NUUVGNFl4VFhaZmJZdklpZ1ZKaGFrZ3BPdFFqS3VJT0VxSW0ySXJucjdaRkNGclpteWZ4RGI4SXVucEI2VVVzdC1jTzJGMjA2SGVzS0JFZDZJa2kwUG9VS2N6UGN4aU01OGxHdXF4VzFvbWx0T1V3eG1JdmJ3TldlZHhUYTFVZWM3VzJON1JueHVFU2g5T3VnU0E3NWZvMGRHT1dB0gHkAUFVX3lxTE8yMVJEYzZmaFJzTFM5ZzlPUmZnUTE0WWxhNy1NY0IyLVBtcVpiaVgzcWQ5TThoOHNzUi1QTHdDRWh5N2g3ejBhUHg5S0w5VjR2bW8wYjRFZEJDb2FhMm9kTG5YQzEtMVJWUDdvN01EclVzaWRRTnlwb1V3UFZWczBOMHB0eFVQUFlIZFl0WlVqMWtnazdjSWZQQWFLOW02c0dpbV9rZmNHV1JWU214NXlfVHFhU0xOQ0J2dlVUdzVRUjVmTzhKd1RYTndSUi1UYlJjeDNBaEJnZE54dmpjOEpIcEFNdQ?hl=en-US&gl=US&ceid=US%3Aen
A third of India's economy relies on nature: here’s why corporates need to invest more in natural climate solutions,World Economic Forum,Aug 5,Andrea Willige,https://news.google.com/read/CBMihwFBVV95cUxQVDF3UUQ4bUszLU1pazlFM215cnpWeW1WMEQxM2pZUjVqejRXNUtmMkhZYlpwb2xQT3dhU3BWUlF6SEswVGRIUGhGYXVoeTl2NVhTc0liUXpVLUJMOFJleEpDN3c2YTZ4RndxVU5TdWgxdlRnVXhhQUlyWkVZeUhiRjd6YWpWeDQ?hl=en-US&gl=US&ceid=US%3Aen
"India's economy: The good, bad and ugly in six charts",BBC.com,Apr 30,Nikhil Inamdar,https://news.google.com/read/CBMiX0FVX3lxTE9VdjBaVVhCZnpBc0YtanJNMFBXVWdhVmZFNFVjNnp2Tng3RUcxbFl1Q1JnQUF1cF9vbVoxN0hndXZBTzV5MHFKV3dJMmI5dEtXbkZJeGMtOGNBQ1dUakQ00gFkQVVfeXFMUGd6NnNIb2d5SzIzYUlmZEpNYlhYdDV2cTBFWk1NYkRFTkIwdGl5cmRUYWNJZEREUGVjQzBwUTZmT0tzakFQaENmanl1QkVBZ3Y1U2hod3RBVExtMklGWDhwLUU5Yg?hl=en-US&gl=US&ceid=US%3Aen
"India’s Economy Is Withstanding Global Risks, RBI’s Das Says",Bloomberg,Nov 14,Anup Roy,https://news.google.com/read/CBMirwFBVV95cUxPcGF6bkk2ckNUdkNZc3FmcF9fdTQ3M21JZE9ZdXpIX05oZzBucUFRQjlmQ0wtT0p0dEpuZzc0S21PVmNMQlJjazE5ZlU2YWdTOEVjeFRrc3plRjRMWXZsbGpDUHVoSGFQbkFxWS1mMXpNM3o3VEpuZXhJUUJRMFNIZDVtVm1FVUl6LUxLUU9EOFlMa0FCRVN6V2N5aHNtaVZHRC13a3BNRHpTVlNJVnRr?hl=en-US&gl=US&ceid=US%3Aen
Read the danger signals blinking on economic horizon,The New Indian Express,17 hours ago,K.M. Chandrasekhar,https://news.google.com/read/CBMiqgFBVV95cUxOOTVRTVZONWdJMjBqb3NkbkRsR2NVeWFTWnp3Zm1xOUZMRXl2VVBoOFNBUnJqUmx0Zi15TzJ0ZHE0c1VYWXZIWDk4RnNsUmJpSWtOVjJFTHhHR08xY2VFQndnajMzTlljWWxqTnhQNml2VENiM25BQkVCZXFqckZZRDdDSWJhM0dqWDFiblM2TWJvbHFtSkxoU0s5M3pyQmItV3JlakFKVTRfd9IBtwFBVV95cUxNSnp1X19oUkMyUFJ4MHdvLXgxYnlZa2lIaElVVk12Ykt0djNfTUNOTXo1b1JTN3lHNjd3ODdDTDNDcnBsZklreWFZYzMzakctYWh0N1pINmFZaGNkeHByeEJmVUlzd256X2RINF9hT091WTRSck82b2w3c29hUVQ3clRVbEpxR0tNdlNOSUNmT3NLZ0ZraFBhaTZaRXZfWFlZbjUtYllZLVgzT0xWR1A4aktpVF9pbW8?hl=en-US&gl=US&ceid=US%3Aen
Top 10 Countries By GDP (PPP) 2025: China Beats US In This Ranking! Where Does India Rank & When Will It Become 2nd Largest Economy? Check List,The Times of India,4 days ago,Missing,https://news.google.com/read/CBMiyAJBVV95cUxNbHhXT2NzeWZFR0htOV9SM3NGcEZMaGJfdnVVZG1vQlNMejIwWF9FZkllUnF0b09PUlVTZkEwdzF6MGZCdkE3aVo0YW5FSktrQjBDSEFqZkhCYjZhQXBYbzJEV1ZtMHRTMk05RzlFdmlLa2YxOWlicUdjb1V1UlR3UFpZQjNDaU5hWl9Jd3RpMXRMZUlBS2ZxYU1oU2NJandicGwzaEJRMzR2UUItLUZfcU82cG5xektyTk9CeGpWbTN5T01OcDhzeVRaVU1fYnRFWVdXRzJucDBwclJLYW9nT1RpelR2Zkl4Y0tiS2JmMUpKbWJQUDR1VVJkYkhOOTJXbjVabDFyMDFJcWJrbTEzY2pVTjhvci1XR2dhSzhpellDOVlMaXhYb2ROMmVha1FOYU9ZQ1hGbFNXWi1DM3ktbWNOTGxjOTF30gHQAkFVX3lxTE1oLUZjejNoenFSMXNrSGp5Zk5hbU5PMjVPaGdTSU41QlFQR2g5Y21vTHNITFFpYzF5RWc5Y3NFQUViVUlObmJiTzcwZFdTdnpzblpYR0JXcnI2NlhtTllxNjhRRllIQTZZSjFubDkyMTJJR0hsNTFaY0RXa2NPT01JRTZDYmtOUjJHNzlPOGZjdXo4WlJ5Y1VGbkJ0V1Fpekw3M0hPOTh5Z3BkQ25PMzBJa3BuN01uS1hoUzdOX1FfSU1uVWQtSmcyZkRUdDB5N1cyYUhaY21aS0pSemI3UkFfZHVZTm8tQ2RPTU1OOE5uajU1NzRVdVZjdHZ1Tzdka0NOdG5sZ2tNRGozdFVOSm5qZGlmZVBtUDJVM3BEai1ralF6ODFEZTBKMm1Jem9Fb3hSOVQ1M3dtQ0xEQkFjYnFwWDNqdGdIQ25SeGlTb25CNA?hl=en-US&gl=US&ceid=US%3Aen
"As China Perks Up, India Slows Down",Bloomberg,Oct 10,Menaka Doshi,https://news.google.com/read/CBMixgFBVV95cUxNUDRXblU0ZDRwMmJPRnlHS3RqMkpVeFlJclctRU5Pbm5zVy1LWGNYYWNjNDZBdnFsTG9TME43ZkRTMzVuODZtTzhaUmJUaHB2Q3R0TlBVa2ZKSURhT2VSc0REVHJ1NXlXZFdxV2VYbVZ5bVNENGV1VjM4bzVsTlNuLWRTcXFFTHpaUzQ3bl9wSzdXOGU0WWpVbW5jYVpfc1VXWkFETFVCNUV0RkxDejBxSnJ1N182X1NVbDI5Rjd5WFRNRnFTSmc?hl=en-US&gl=US&ceid=US%3Aen
India FY25 GDP: Fitch slashes India’s growth forecast to 6.4% from 7% for 2025-26,Mint,21 hours ago,Riya R Alex,https://news.google.com/read/CBMiyAFBVV95cUxNU0E0S0JBdTNfVHVESWlmOFEzdldRUGsxRzg2Y01aUGVkLXRWTlQ5X2Q4YW5uSE9YcUJNdEwyeWNfR0JVMmt1N3FSeHZnb3hLcTlUbXBoR0FXbUtLWk9hZTEycXBYZ0NjNGREZ0JyRWRGS1NqLVJDdEI2VEFsNjlMcnc0NndiazJoLUZTdHFpYUROMk5XNWNPUWFscUJXS0tFMUtLLUN5WDRuZEhBbm1qSmMtaFhqT0hNaGVSRHVtNXZNQjRNb25IN9IBzgFBVV95cUxNUktJMnozQXNCTlNUcHBqU2tjMmhHX1ZwazZmZk84OGJTWlhnejdKNFpKelBMM2pvNlg4OHNpOGJSRklHU0RuODNBR29ycGR3bzdNT0hhYUVEQ0Q1a0hrYTdiSGVhYXZBbXM0MFNzX1NGanAzVk1KV043SzZDd1lucmNDMjFLNXh0TWxSS2VFSDg2dGVnUFdUTXVBcTRPbGpJcE9obWY4UkhtY29UeUdIajdjWmg4SG5KVmtmUHdncXVlUnJQbF9jUzRsZGpDQQ?hl=en-US&gl=US&ceid=US%3Aen
Echoes of Liberty: Revisiting the Swatantra Party’s Vision for India’s Economy,Duke University,Apr 4,Noor Nazir,https://news.google.com/read/CBMiuAFBVV95cUxObS1ZdHFzZmpzYnF2cV9qMm5iOWVzZldEeVphRk00bFRFaUg4RWI2ZEhKMWJ6SURqdVBhdGYzQVQ2UXVHY3Ffb3M5aFZiYVlUQjVZZnJrc2pLUWdKc0c3dHY0NVVKdEFEcy03Ykl3LV9XME54VDBnelAyTXFpTzBScWVrWDJhZGRTYUlYazAxTHI2b2VFZTJVRVpYa21TWFpOX0h6V1c2ZFVsS3R5SXhTNzZnNHFLRks1?hl=en-US&gl=US&ceid=US%3Aen
Indian economy set for ‘resilient growth’ in 2025: S&P Global,MSN,14 hours ago,Missing,https://news.google.com/read/CBMiswFBVV95cUxQak5SNkVqX29RMTlnWERCZk84dkVvMjZENF9HTVUtWVpJUFpmVW9UYlNRU3dWYU90SFZNdlZ0TTZhSTFqQ2pJS01Zek5DM3lwZDJpc2ZEcnQ3VkI1dktmT3ppYmo2ZHZaT3lhRlRJYmNtRVNFLTdfU0FpZXpXVm9wTFVHdUs0ZVhob0J2QXRUMVBtVmhQVWhkSHVnZkdGTnIwbTFZcXMxSDhsLW1aeGFDVTRBQQ?hl=en-US&gl=US&ceid=US%3Aen
"Insight on India, the world’s fastest-growing major economy",BlackRock,May 1,Gargi Chaudhuri,https://news.google.com/read/CBMijgFBVV95cUxQTFhTdFVDTEkzVjJ4MXp4VXJtVTVBdm9qZzlDbjIzQTMzTmNzb3FnLVB6UXI4MDRxNmNCVnh5WFhCMjBWdGxvY1lVSHZsbG1lb1ZqQzl1WEFTajhCMEExLXRKUmt0cE1Md1JuY0tPNm05alJUR0NfZE9nOU5EbFM2d3NJVEgzOW5ya1VGN1pn?hl=en-US&gl=US&ceid=US%3Aen
How strong is India’s economy?,The Economist,Apr 25,Missing,https://news.google.com/read/CBMifkFVX3lxTE15LURldmZHQ0o0cXVia1V5RExjeTlCYnBvX2h2OGVEMm84NHNYcjVHTXcwLXlxQjd2dnk5N296SVNUZ1BOb2RLd3BMTWFaQXlSTmRrQV8tMkt3ZXF6YXpJSDJCQXg0TjlPaXlqRWFpSkdpVFVwRG5qdWpGNTUtZw?hl=en-US&gl=US&ceid=US%3Aen
India's economic growth by end of this fiscal will be back on track: Goyal,Business Standard,2 days ago,Missing,https://news.google.com/read/CBMi1wFBVV95cUxORXVmaFVHQWZDd3hXRHNOZWMyUUZHN3hxWk5YM0FMencweXR2QVFobXRhZU9VRVg4b2dWOG1LNmNBOERuaGZTbXZfNmRUYk91X1Vma1c5b1l3N0t6RUZyanVMWXJOc1NhSldoVl9nWVl2V2ZEMDBCdmdrYmVya2FzV01FdF9aUkNzeExpS05UVFdWVFE2NmhzazhPUXdnTkc5UVNoTHEzTE0xcmRyTmJ3dF92OWpIYUdEejFfakw0dmlXSjUzdUNHZE4yeTFtN3V0RXh6RGFWd9IB3AFBVV95cUxNTUxPSlFlZVMtRW9xQUpDZHd5T1BBOXJvNUMzUUJQM1c3Q2w3NTlTS3RGdnctVlloVkZOdTQ2c3ljckZYUjZURUVEVHZZcUJMY29uNDVpd2Q3ejRiZEhTUnlhcXFycndGT2RlYktOY1I4VEJOeV8tdGdQM1hZbkFhNHh1N1hVaHpvajdoM3hXQnZJTkZaZl9FcjN3cE9nLUlMQnRGVUphV3ZsMmVvOGJ2b3BySDZXdFlhaWhTbkV5NTJTS2RKbzFHTHhYb0NTa0ZFazFWYjdNMi01SW1o?hl=en-US&gl=US&ceid=US%3Aen
"Strong growth across the South India, but divergence risks ahead",Oxford Economics,Sep 6,Missing,https://news.google.com/read/CBMiqAFBVV95cUxOMzc5eEhPRHNZMVQ2WGxZc1BBTzBzSVFPQXYyeExTdlFtMXFLTHZkejRHNGdQb0VZWmxJZUlvVGM3NWoxNEY0YW85WmVJb1pLNTg3TS14aDdiTFd1WkkybzhPYjJ3WFBLVWlDMVVGYm43WkV5b2dYSXZSZUJKcVBsdG1DajllM1FCWXR4MFMtLXN3RmlvaHFrY3p5TDFhbUlNTmx4eU1uck8?hl=en-US&gl=US&ceid=US%3Aen
Exclusive | KV Kamath on India's economic evolution: Banking reforms to digital power,CNBCTV18,21 hours ago,Shereen Bhan,https://news.google.com/read/CBMi1gFBVV95cUxQYmp5VzZ2WkppN212N2UtY3ZMVlR6OExPRDhCMlpVV2JXVlE4R19xbXdlb3dXcE9WSHo0LVo1Yy1iczY3QkMwbTZyd05xem1zc0Q3NGRaWUN3M1RPbFRpdHlOUlhoRllXZV9mOTAtbE42UWJqVEJvS0tXT3E5NmpuV1BxNVBwUDRpYjlial9NWEMtX0t0WC1ETjMxdGlSR0hUOHJUdlZmWkJXTkxybFBtNGNOR3VlZkxsVDRkamNBS0hxOXJJZjEzZWtCSlFDSC1kaEdmMk9R0gHbAUFVX3lxTE9SQ1NFSVh5bFZJcE5OUThObEZINTNfX0FLTzdmUHhrRDcxdjVOcVNlQXdGZHdjUkprR2ZYMC1NdG8yQXRRNkJZYWE1OE9JZDE2cjlSMUgyVmtrUDREamUxRWFpVV9XWDJyUjhZOFR2V0VqUVFMX3RueWZLU0ZfSzU1eWVMWkktMHVoQlI0VVhFUk1hYmV4LWtnMFA0dHkxemNCT0VScHM1WVJya1JXcnE3SjhLanA5WjUtd2dDaEc0X29qZ09BWUxlSDRaTEw2bU1PSnY3Mkx3enk3cw?hl=en-US&gl=US&ceid=US%3Aen
Instant view: India's economy grows a faster-than-expected 7.8% in Q4,Reuters,May 31,Missing,https://news.google.com/read/CBMiowFBVV95cUxQYVdDTnJxOXNvY1N4LVhoZEU5QWsta0c1SUtUNEhTUDZJUzVrZ0l5SzQ2c29FZF9RWUY3YTA0bFlwWWJFT0ZIUW5fRzdkSk9ieXAtcndrUFVvMHZoV21rSFBacHBCQ2RfVElMVFFNRExlUFl3bEhKSndoZFhPT1I3MlE0X3FnOEtWOEhGY01ZeGpsNHNBaGFOUWNjT3FvMExJbnRN?hl=en-US&gl=US&ceid=US%3Aen
India to become third-largest economy by 2027-28: Ashwini Vaishnaw,The Economic Times,Yesterday,Missing,https://news.google.com/read/CBMi1gFBVV95cUxQUGs0RlM4T0FEOHBmQ2piNUhYRXlSbExMczBOSGR1TEJDWXhyRW1tdlAxMlpOSGhvRTlHM2dZbHR5US1LRmhXaTFEWWFKSVhLNG4xNUdNN2YxX1ZKQTJ6ZmdYQWs2aElzclFfV3BhX0Ezc2VFMUNpaDQ0RGg4ZjRNTDJyaURJaHpiRTNfR2RDY3V1WU14WW1RdGxlTUJxLWlrZ19TS3dvSUsyRkpOMFlfYzF5a1FVbTlOT0Jub2ZBR3hBNWRZZGt5cVRQRlA2d3Zzdm16NDNR0gHbAUFVX3lxTE52QnJhemdyazFTZjVocms5WEdQNy13RlVHdXpPcHNnSDBoaFlKakt4SkFZdWZucFl0bUZxMDV6RXBwNEZOQUQ2SkVYZE4tbjdYd193aVZCT1pVZzZ5a2JLMVNSUFYtTm1zVEJacGo3RUNueDNoNHVTZkhXbk85MWZvaFB2NDV3eXNFT2E3eDBoVTBYb3dtQ1luRUN4Uk1WNnhxZDZHYklaNTNMVDhKeXZFeXdjRjlpUXBLVXFfMzFUQVRLUUdqcDIzTTRDQ0FDcXZQN1d4OEVPYm5Qcw?hl=en-US&gl=US&ceid=US%3Aen
India Needs $2.2-Trillion Infrastructure Investment To Become $7 Trillion Economy By 2030: Report,NDTV Profit,2 days ago,Shreya Sur,https://news.google.com/read/CBMi0gFBVV95cUxPbWd3RjJEcVItQUlPeGQ2d2N3d0Z2U0RGYUQ2Z1Vib3NDT1NBVkRxcXhKZ21FUHd0MWk4dTdia1ZnZmtkUDBSZjJWam9wMGxKcUN2SzJaSVpMaGljZkR0MmxaYXV6Qk5uZzBQUnlZMkVmRWhkT3dWRWkzaktYNnNfZHlDMDhucTM4M2V6TG96R21hUXVia0w5UVFsVkxDSjN3b2Fhb3V2TTBXdGxtSVNCekxPUG9WSlozeWEyOWV6cjlyeUcxeXc1VzNpUHdzdHpxSnfSAdcBQVVfeXFMTXd6Y2pOLVF3QkRVcDE2NXNtVFdlTTBNNWdnT0tQVUp0c2dCVVFSdzhxTktkeHEyeWJFX3VfMVdHWU1ka245VmE4TWhlZFB5NEFsNXVKR2NWSHVmR0FlZXJsblpkTzFFYnJ3VHN4UFRPdXdCdGR6TzNYanQwMEhIMl9BaVBGbERLQTZHNEVsUkMyRTNTQ1QyX1BDOEs0N1Y1dUxsWjBMU1hwLVl0b0o4ZUxvSy03ZW52X28tUU9qQTg5bmI4b1hDcTlKU0pfRk9UTDZBTzlsV2c?hl=en-US&gl=US&ceid=US%3Aen
India central bank cuts growth forecast,Financial Times,8 days ago,Missing,https://news.google.com/read/CBMicEFVX3lxTE93ZjRuQUQwMHJzOXlVVThaSlhIUGZza2tRNUR0S0FqMWI5Rm0yN1FsOW9GM0RPYUszOFJjR2FROWZvRU9LVVd1OG5xbDc0STE0SVFOdmVOTkQyTFQ2N19kc2VlcGtVWHhUdG5TNUYtYks?hl=en-US&gl=US&ceid=US%3Aen
"India government somewhat cautious on economic outlook, sees growth of 6.5%-7%",Reuters India,Jul 22,Manoj Kumar & Nikunj Ohri,https://news.google.com/read/CBMisgFBVV95cUxPMEczRjZXc0RiRUEtT1RGTkFXYXljdGZ6SS1XU2k0bGEzUEhuNm9GQnRleVM0SXFaaVpXUHktb3liZU1OY1FPblJraWNZTWk1TUZZTFRnNkJhSU1FRmRoV21na1F4S3F2U3F1ZEpEZEo3c1d0SjlLNnlDRzdqREsyTVNLZ0xuWDlBbE5Qb2JxbEdQdWd1SFJLY3VTeXRnSjR3dTEyN3VTRm5pUzZBRHY3bkxR?hl=en-US&gl=US&ceid=US%3Aen
Indian economy to bounce back for 3 big factors: Here's what Morgan Stanley forecasts,The Economic Times,Nov 27,Missing,https://news.google.com/read/CBMi8wFBVV95cUxNX2Y1YlNFeDNoemwwYmdBTWlJQTByXzdUUnJDS19UZUFzY1hGRU00ZWhOX21lYkFlTXdieUR4bTY2UEY4YU56SFR0TmV0TjIwWGRnN0JNUHA5bGExMFZYYmp5dmRaTXlJazlnWlZ5ZndLUFRfVTNfYmFtZnVlX3ZUSHc2eHNGX3ZJUDNySkpMbXk2ZExGaU1wLWo2Q0p5NTdoMmppaUFIcjU0TGtBOUh2R2N0WWNwVEFnN2lUbk1TTldKRDNaODVaenlHRFpEN2k1R1pJYWNMWkpmdExET19LMy1xeUZVTFZxUnl4SUJXdVFsa3PSAfgBQVVfeXFMUDJMb241RVRmb2lveG0yaTQxWmVwdWFhSjAxVmI4NklJRE9UTkdXQnNIT1pqbVJJYUNPODE2Snl5VWVSYWFIZmN3X21fT3ZKLXFGS0U1TzBWd2RTUXRhakZrSGpLaXZPRmNLNktGMFRxd3dGbmVVYXlFZXN3U21JcE1lTWlwVmtJVWVRS3l3SHQwd01mc3JTTkxFWGtxYVE3ekdQYmNOUnZwMUJMR2J6c2cyNmpnRFRYZ0ZFMjdfRlFJSWtnbkZYRm11Z3ludW9QWlpQa3loWjBzcW8zRTVBUkxpOTd1SUZsY0RHWV9xSno2ejE1QllfcDQ?hl=en-US&gl=US&ceid=US%3Aen
Instant view: India's economy grows 6.7% y/y in April-June quarter,Reuters India,Aug 30,Missing,https://news.google.com/read/CBMinwFBVV95cUxOQkh4REhwRDZrSzlidmpvSFJxMEhMT3N0ajVzXzE3a0xMRDd2WkZmdEQxTWJScEV4djBaMVBhZXVhOWZkR3ZVTklHUGVfcHdrNDlmOWNrNVozTjZUY0FNT2swVXV0cFdUVnpRZFo2M00ydzlGNHlWUEVfUzM2U0h0bXl4YnFsVG9aMzA1Nl8tVnJWRXVnVUlkRTVCSVF4dzg?hl=en-US&gl=US&ceid=US%3Aen
Maritime sector key to India's vision of 3rd largest economy: VP Dhankhar,Business Standard,3 days ago,Missing,https://news.google.com/read/CBMi1gFBVV95cUxNRGVwSENJY1psRVpzVnJOeVNuZVU3VmtISEstUG9ZU3FPYk5IaGxMS3R5bkp5YmdvNG9RRF8tWlkxSXlqNU9uQzNyUU9ZWXN4LXZ3YmlwUV9pb0dBUkYzYVZJT3Q0TkJuTmtMcW52Y0VwUHJzYnpzMDA5NGxWMkVzaTJQZTRPX1FJQzFibnpfeWpoMG5ORnFDSzdIMkhJaW5McFRFcGs1NF95SV8yVmtpV0pmMEZCcUhGYzFvSDJpckxxMHFMTUk4OVpBVjdkTWJUOTVOdnJn0gHbAUFVX3lxTE9rZnU0d25zcXFUdjJxS0dXclVYbG84ckpnZVVQRFN3MGVoSno2YndkNmQ5SVpZLWx5TzFNWW9CRHlVSGRXVVA5S2dBUERha1VVbVp4Qktna2sybnFzVE9VNlFJaEJSZVgtMFJnQ2Izc242M0JDVjUzb3R6M2lSWEpiWHhFNXE0NEJVMG1qLVZ0LWwwSFRKMnpmbWJjMXV6a3FIZWdrZnZGYWZDMlBTT3pFVmhfUTBFakVmM3dRaF9qRF9VeV82dTZyTmV2ejY2QkhOYmtFcDFuQlFhcw?hl=en-US&gl=US&ceid=US%3Aen
India's June qtr GDP growth likely slowed on reduced government spending,Reuters,Aug 29,Manoj Kumar,https://news.google.com/read/CBMiuAFBVV95cUxOenIzSV8yZ2luTVFKQXZRT3RGUmRsTHY3UkR2OThpcHFub2xYaGhtUVBZc0Z5bGwyTDhCYnJMc1VCM1RLVWExMHhMV1o4RUl2T2I4bzVzWlgwNU9VOWIteFZaVDc1TEd6ZDAwVjM3QXlyVk1jWWx6Sy1YY3d3dW93NjRLX3gzSkh5YzJsYlJDZzRBb1RLZm9tTzVZeWZ6azdBQlRvU2lLZUVveklRS0JxMmNRVFZERGhJ?hl=en-US&gl=US&ceid=US%3Aen
India can be a $9 trillion economy by 2030: Arvind Panagariya,Mint,2 days ago,Rhik Kundu,https://news.google.com/read/CBMi6gFBVV95cUxNRHpJOTlYc09EMWtYMjFUeTVXdHNDSjRCRXdpR0dHR0pYSUN1dkFxMVlVQVJSNmlKSUYtdnVkT0ZHU0JaUkFEMG54NURibXpPYl9uQlJ5eHQ4QlE2aHZwcVdSenRtdXFNcE9CbExfVF9CM29vanhXN2ZKbU1vTFJEd3Y1TlhUSGFhcFRYc3ZJdFU2Q1A5SUZkS3NEV20yY1VLZ3R6TVdWZHhLdDhadi1QVEpfOFhVMFFCeGxsbThqbVFJQ2t6Qk1RUTB2d1d4S0JveE5GNFhQVnNqenpxUWZ3UkFjaUIwZV9QWVHSAe8BQVVfeXFMT1k5R2Z4YnhCeXozRW42ZzhSQlFFbTA1U0RfT0hHdTFpZVh4MWdnRXFLTjd5bGotTVp1blAyb1YwX0tCMU8wbWgxTjNjVVlCaTVLeUNDNk94V1RsaFpCM3ZrU2xQM3ItWTNRU1B4VzEwc2ZsN3ZvaDdDVjNKamhPX1h2cmJIM3NLUUdLbzYzdFFsd0FBRzVzcEhzRmlwcW5iUWFOUk9kMUZvVG1qM0dhNnduVnpDSERyUk1FUlJSdzE3ZjBYTUtHTjVrbGQtTllhSVBxZFl6OTBEZTdGZGZCSjA1dHcwWHEyOWY5UUUtZWc?hl=en-US&gl=US&ceid=US%3Aen
Modi must make moves to turn around India’s economy,East Asia Forum,Sep 11,Le Dong Hai Nguyen,https://news.google.com/read/CBMikgFBVV95cUxNVzNLcW54QUMydzJ6empGOFl6WG9mU0RzUHkxMGFWUDF0UVhRMnlaTlJuRHNYUHc3Rm9CQ1duTkpuXzQ4R042S005d0VGQTFsenA4d1VLS3NiRy1FY0VMc01zY29FbDNud1VvazJtR2lPNks2V3FoaldGeDFPcExiQ25LS013VElOMHBFbUxxU1JtQQ?hl=en-US&gl=US&ceid=US%3Aen
How India’s services economy became a world leader,Goldman Sachs,Jun 13,Missing,https://news.google.com/read/CBMimwFBVV95cUxQM1NCNFRCLXVtSU4tRlQzcUNwT3ZCRXZMeHc2dFVrRGxWbEwySmhSS19UVUZjWGFCRTByWEdxcWNScDlfUlNqeFI2cDVJQUhVR2NGc0h2clJVSzUyVmxsbE1malVQYUxXaFR2enZNRm1td3lZay1kMlFOMnZqT2ZvZWVfcFU1RVlZYURGdTg5djl0amJNVnhjWkE4Zw?hl=en-US&gl=US&ceid=US%3Aen
The key to India’s economy? Making women safer,Financial Times,Sep 29,Missing,https://news.google.com/read/CBMicEFVX3lxTE9JV3FubzBwS1pDSHRwWmloUS0tUEdhRDJwLTNIc2p1YjV5SXlUYU8zLVVpbkg4bDl3TUlLQ3FydjJKQTFmZkRMb1ItNlZCSmY1c3Q5YW9NR292ZTZ3eElsWXVKcDZlQlcwRG5DZ1VzS3Y?hl=en-US&gl=US&ceid=US%3Aen
The issue of India’s economic growth versus emissions,The Hindu,5 days ago,Shifali Goyal & Badri Narayanan Gopalakrishnan,https://news.google.com/read/CBMisAFBVV95cUxNQmhYcFNsVUVNN2dVSTVnQWI3QVlBelpfSWhzWVdKbHhwQW1oenpNTzFHdFRzeWVlSWpnOS1YQ1N0aGU3T1pDVkJ5anpRYWVRU1E2RnFUblFEWV9ET2JRNlBtYlViOVhzbEpPd2IySlFITVFwODBxVkJrN1ZiTlp5cjliYWJCT0hLWVZYMHJTdVZmQ0x2N2NpbS1LNWVKQ0NRYndjMm1wMWJWZlpodE9GS9IBtwFBVV95cUxOcWVWY1F4cnNsMk9qTE1keGc5a01RQ1YzSXVMUWc1TkRWWTQzd2dPTEVBcVZjUkNHdUFzcmU1WEd6WXByMFZFaGZtWFJUSV9sN0xsMk1TYXZJRmZYSE12V1JHNEIxd3RpaFA0cS1Gb3RWa1BveDlMckFIWTctaWU1MkhpWEloR3dQa1ZqMGVzZnhYcG4zMXY1dURaZFBLaC00TWlXeFhzNkxyMjd5M3lmdk9MN1Z5MlU?hl=en-US&gl=US&ceid=US%3Aen
"ADB Retains India Economic Growth Forecast at 7% for FY2024, 7.2% for FY2025",Asian Development Bank,Sep 25,Missing,https://news.google.com/read/CBMikAFBVV95cUxPLW5IQ2Etdk5EdEUzZTJXWlUwT3JJcmxfU1MwOTZaX3dPOUdDVmxYTmgwZGhHS1lxdmFKbXU3NnNHSXNqaWZUVm1kd0JVY29aaUV3MTcxRXBseU8yRXVXN1hobVMtUy16Nkd1RXBhT05JZWJ1UU1JVUxwalo1QWZyODhaZ2JYelF3VWxoUEQtU2M?hl=en-US&gl=US&ceid=US%3Aen
India's economy grows at its fastest pace in six quarters in election boost for Modi,Reuters India,Feb 29,Manoj Kumar & Aftab Ahmed,https://news.google.com/read/CBMirAFBVV95cUxPN09aUkU1dzNaTVhoNXQ0SThNVncwQ3FMNFNaYlNYYWFyVnlodkFrOHNmb0hFWFJyajVCeHR5aVlQc2g4am81RU9IRTBJMVNheGI3UEpJNFN3ay1yMXVxcVg5QVFlMG11WE50b1NqamgwY202Wndid0ZZUnp3OEw2ZnRleExkSDNZd2xKQ01Wc0wzNUY3Tk83UnpnLWY3SG5lSXlhYUQ3SkQ4cXQz?hl=en-US&gl=US&ceid=US%3Aen
"India's GDP to expand 7.2% in FY25 despite lower Q1 growth, says cenbank chief",Reuters India,Sep 5,Siddhi Nayak & Swati Bhat,https://news.google.com/read/CBMitwFBVV95cUxPdjMwLVZqV0tHdXMyYTB6dUZDaGVqcWN1T0pZN2k5YzdQRTRuazdCdE5ERU1XSmM0ejdjTFBHd19Qc1NDRnJ5UFFTbHR0emhOd29hbXE1S1JoeUJpajh1NjRURXF3SFpxNVRhamY1Nm9OUlNRM3kwWlc2U0Q5WVNHRnI0YUk2YWdwOVVLN01heDFzRmZEN1VGdlBwNG9XMk9UbE1vWVh1bmwtVDB2TXVLLTg5bDdQZUU?hl=en-US&gl=US&ceid=US%3Aen
India Requires $2.2 Trillion Infrastructure Investment To Reach $7 Trillion Economy By 2030: Report,Swarajya,2 days ago,Missing,https://news.google.com/read/CBMiygFBVV95cUxNTmEwSmxSTVVoM2hlVjR1aFNkQjhzbjhzcFZuUXBQN2tKUFVUb2ZUV1M3UjNBVjhMUzd4OGI1TVIxRElrNkQ1X3dycUZxTWVkZ3VfbEdCS18zRFpkYTM5SW5uNHJwV2pSbVQ0WWN4N3Y1RjFrbHpvUGxvX3p5cWRDZ0NzT2pwamtOM2lnZ1ZGTTRvLVU4bFoyY3JKZHRscWhZM3p1OEdHM240YnRUazZwdElmTjcwZG1zT2xMM1Jxd1B6Mkc0M3ByNkZB0gHaAUFVX3lxTFA3UmtOVlJBNHNxX2hQb0JfcEQ5LVA3R0duRXR4a3BrNzRJeFk4bHhoODFwa0tGODJscXcwRE1hTHM0RlFoSWM5bUNIdjZ0UzZXa1pDQ0tpTERqa05SQXlQVmJGS0dJYUo4aWpJY2JWRXJ1cExjYTVkcF9qR1JYOGc5b3V5amdTYVRJbTlybHFsRGFpNWRHYmQ0V0pITnNGN3gwaHhRUWFIVEs5c3FQc0NHbDExQ2xqVW5GUndsQUlkbzY4VDRMSWFmRUtjdGhBUVBXQ0tTZzNzalh3?hl=en-US&gl=US&ceid=US%3Aen
"ADB cuts India GDP growth forecast to 6.5% in FY25, 7% in FY26",Fibre2fashion.com,2 days ago,Missing,https://news.google.com/read/CBMiygFBVV95cUxPUnl4Q2RzMnRfQ3IzdVAtT2NDSGNlYlIzdFYwNEY0bzF4Rld1WFdudFJSNmp2azgtczBzS29ZZVRmTDhGVVp5N1dLS1dUeFZzWDh3emhDd3gzazU4UjlEOUJNMklLTXBNT3g1ZGZGY1FXWG5JcXBLMGZRbW9WM2tncTdsY2hIaHJGU0d6TUU5RDlQenFGU2NHcW14REg1SVhKZXJ1WW5XMEQ1UElDYzBsV0JTcGVFWjBiSmlfRjEzSWpITEF1ZmlQLVZn?hl=en-US&gl=US&ceid=US%3Aen
Five undervalued qualities of the Indian economy,Financial Times,Aug 15,Tej Parikh,https://news.google.com/read/CBMicEFVX3lxTE9FNmM5SGJramNhZHlXTGhOTUNYLUs0QXJhWjhJNGttU1NrbWJzajdXSEJKVG11V3ZrWExYRkRsV3FtZl95bE9JTG1nQWJtdXVHMjR1X0JxTGNrX3pfY2VoWjdCdXJhOTBwTEZiTFZ0MlQ?hl=en-US&gl=US&ceid=US%3Aen
"E-commerce: A sunrise sector, purveyor of India's economic growth",Business Standard,3 days ago,Dhanendra Kumar,https://news.google.com/read/CBMizwFBVV95cUxNcHFleUZpTHhmc1N3WXprc2lFelVuZ1E3OWowWEVZUmNqZV9MRGNxSnIxSzVzTFdjR0NsR2xITHk0NW1FMThZN2RzbE9sc0NpNWhhd0dVNWVuTGNxUWdlWmpKdGVDMWVjVDF1NXlMU0h3SmNwWmkxaFBnS1o0eFMyejU3SnNTSTM4ZDlkSXpxa1dxSFlRSXlibjN6X1NDRDdHSWt2WE1rVC14clppeEVsWS1BUHdYM3VjVDdlbm5zak5uWU1sNmpWSzZQVndqazjSAdQBQVVfeXFMT2I5cXI1SWdpUWlBb2YtbXlsa3U3SGdTT205c0lSME4wZDh3SWJCSlVQM1RPYm5yOWR6R1Y5Y3JGSktSSFJHUlZBQi1ERW10YXJDVlBIOXdOSjI4dXBDd21hXzY3Xzk2a1Q3R0M3OUNJb2xhMWJuOWJNMFN2NWNLZDlYb0F3SEFyMVF3TlpLaUxldmdMMXZEelZQYXpVeGk4WExoVHBKRmthcFRONS1rNGNBbkplSjlwRTY3S1lqUjREVk41ZFJIMEJFZFpxdlR6Vk9kd1c?hl=en-US&gl=US&ceid=US%3Aen
"Rosneft, Reliance agree on biggest ever India-Russia oil supply deal",Business Standard,2 days ago,Missing,https://news.google.com/read/CBMizwFBVV95cUxQQW42aFloVzAwb2M1YTNQcmtoNnJiSDNkRHF0T1Z1RkR6THNvOHpLOWtDMkF0UHZkc0VRN3VuRTduRDRSSnJkYkdFZVFpaWdmUThiMEJTMWJnalBBNjREcmlIZkhWR0RldjdsZHZTU1dKZURST1pQb08tOG1nd1ZrWEtzX1JFaWRvOGFFWE4zQ1IzZHAwYXl1dlUyakVRSEtibUt3VHJLMVV0bTdleldEWnV2VENMdnNwM2NGekJHdnhHUEdwZUw4dTRWOVJZWE3SAdQBQVVfeXFMUFlrR3JTNlFtZWJUc0t4NlkxUVJqNWRSNG1TN2VMMmdMTTQxSHEyWVk5ODJKQXVWMDg0ZHhaVlFQYjVxSkxGNVdpa05yNFdPNG1uZHo0T2RLdVBza1Vvcl8tX3MzVkQzajlDT1V0UlpjLUxGLVVaTkpRUzdBZ2FkU3lFbEZRdm4zRUNPYUdFR2haOWVTTDBXdVJUc3hicl8wRVhZV0pueUd6TnhMcHJ4U3RLYW9mQU1EbXNxcEk0dWstdWZ1aEFzWTlkZU9CSUNrR0N0elg?hl=en-US&gl=US&ceid=US%3Aen
India budget: Can Modi 3.0 transform India’s economy?,BBC.com,Jul 21,Nikhil Inamdar,https://news.google.com/read/CBMiWkFVX3lxTE1IaGVsc1lUQUJiRjdvejVMcmJnWTBYTzBBWGQ2VTl4dmpxRkNnVFEwZlRRZ0hqWjhSWFJKZkEydkFLREN6cGNUbzRoLXhDd3hPSlYwbnpIcE9MUdIBX0FVX3lxTE1MdEo2eTNoSFlpVFdrdzFNRGJJMWlrTjZ4TThVOXdyQXk3cm5kV1FDZXNJSTFrYjhsTkJKbk1mdDBTbGRwTVV1QmY4NG4wbTRFZEZlNXUyQ0R3by0wSV9r?hl=en-US&gl=US&ceid=US%3Aen
India needs to ramp up structural reforms: World Bank Chief Economist Gill,Business Standard,2 days ago,Monika Yadav,https://news.google.com/read/CBMizwFBVV95cUxOeC1mNHktU2FfMDQwNUhuQ1M2a19uMUxKM1pyT3hsRi1iQzhQbU1RRlN0VWJrbWhOcHU2MDZuQkZvWWlxbjdPcURUbTZwV3diSy1PeTVSZjRTd25ya3lvTWNHb2VEN193d2d5U2l6Wl9ObVBaMUE0VlV3dzRZQ1BRYU9uVU1iS2pSbFlmMzM5QlkwcWNKaDh5UlVfSEdMTElYRDlNOVM3WEZtNVM0S3dqZGUzM3AwZjVxTG4xTkVUX2FwSWJfcThHTlJNa3dSX2PSAdQBQVVfeXFMUG1YaGJ5NmJuSEYwUjJYU20yODJHTHhfTXZWdUhUYVN6SndZSlp5eTVVRlJva09BSThJajBHYnZIdl9nSTVHNW5iYkRETjZYa1JwMG9wZVRzYVVDUWZpS3JoTEhlY0R1VmJzZl9mb2xrN21QeHhsZGxETEFWUElLdGxjVW5UMU9SaWEtZDZhQUk4ZURONnBFQzRHY2pnU09fUHdERV9WSng3MHB4d3dwRnlNbVVCSkNEREdRcG9WbVRlWDc1SHJpaDBKNEVPZXBrMU5BRFk?hl=en-US&gl=US&ceid=US%3Aen
India’s Rapid Growth Set to Moderate as Consumers Remain Wary,Bloomberg,Aug 30,Missing,https://news.google.com/read/CBMisgFBVV95cUxPajRMbkMtRlo4bXg2WlJXdXNOTHdnUGZoRXFGX3lkWTA3RmpOeXNBWFdiRFhXSndBTVc2ZHgyUy1xWGdsRkl0dzVPdm9xSUt5QkhId2xaYnhULUpuUHhENWhPVmNsODRxRHFVNXlnYXlxU0VGNWZ4c2pwZjZRbUZmcDFFaFQ0c2oxWHdyc1hoeG1aOE54aTU3dzNVTlR6RFNtOUkySGh0Tng3S2hFYkhzT1ZB?hl=en-US&gl=US&ceid=US%3Aen
India’s economic policy will not make it rich,The Economist,Aug 1,Missing,https://news.google.com/read/CBMipgFBVV95cUxQbU5ZTFdZS0VfcHg0c0h2T1JyNlRIWllkODFWQm85MEhCUUh6dHFKcWNsT0tuRE92ZW5YUnMtSUtBR0Ytc0YzZmJVWW1TWW9aeldDc2lsVUIxV25HdjBSbDdrc09YcFFtLWhSaGkxRUx5YVBESnk3cHNzNzBQRDBvcjhBRWF1MU82WmgtRUdDcnhHR1FhMEpqNmNVQUMwc2NCa19PbnRn?hl=en-US&gl=US&ceid=US%3Aen
"Not impressed with China rhetoric, favouring India despite bad performance in last 2 months: Geoff Dennis",The Economic Times,4 days ago,Missing,https://news.google.com/read/CBMiiAJBVV95cUxNck1aMTRtcnFfMkR1TzNGXzRqQ3cwbExNN3pMX3VrSFpMb1hmQmNtUGxfb3NZSFp2bHBmNzh3S1ZUcG5HN0NaR05OZTRBY3BVaDhQbm5wUGlPTmdfRmN3TXpNdG0zVHJoa2xzcjI5MTAwWG9La0JKQWQyTDNGLTNTY0hLR0gxeXJVVmE2TTE1WXdmSzEwRjcxNURJOVhSRnlid1l2VFJwVF95dUxoeUxpUkhXaUF4eG5vQ3NMZVRuc2FkQVVIV0pQMEJDME4zTDYtcHdrdEFkRWhfVkJYNDR3NXdhRFlpRFozRUJEWV9RSFliQUFLNzNNdEQyTG9ZR1hlNnQza3pvZknSAY4CQVVfeXFMTWRqWHM5MVBsN3Y0N0tZUXduRFIwOF9WV25hanF5ZUxabnowWGlVLWh3bDVROUtJU1hUcWJJTDYtZzl3c24ydHNmS3o3SXBzakFZeVhzZ1JkUmdtbTZXQW91N3puV1Q5dXhxNmNHd29kMVNEZUcwWC1TWXcxVTlkeWZmOFhTM3dvWUo5eTZMb3ZmT1R2dEVPLVZnQzFqd2s1cUpOcjdNejJsNWROMDRiM3RHTEh1NUdtREEtTTRXZ3dkcGNsWVFzcE83V2k2Zkk5cVc4OGxJZnpQZFBlU19maVpNc2FOVXhkZ3pCUlF6NlVEaWFMdTV0NGxTVDhoOEhxQTVScVJiaVFEOU96UXpn?hl=en-US&gl=US&ceid=US%3Aen
India’s economy to grow in range of 6.5 to 7% this fiscal: CEA,The Statesman,19 hours ago,Missing,https://news.google.com/read/CBMiswFBVV95cUxNbDdrZmVxbmFocC1Qb0FhUy16ai04MDc3bkhsblhIUU5DVFp4SWtBUUFVQ2ZIWkxyQkpKZHN0UFlZOHRwUWd4b05kQXVPYmtYZU9xeFYyblBkUXVKUV9TTGJaeE56SU9Mc3V4OTNyZGgwSDBJY2IyQTNTLTZXQkxESzVXZW1IUVZGYUltd3JZanZCajZZNFY2aWZqUU0wd2lfSUE1cmMwS0dqNDkxNXR6OGxFTdIBuAFBVV95cUxNLTdMeVlnYko2ZmwwMDlDWGdrMDNNWlh0eWNLYlJLZWE1YjZ5SnVZMUFONVNrNDNZRWdlUjlSdlNENXBnV21QSXpGWUY2dklNVjhRRnJhQkhqMXRkTG5xSldzZnpUWS1aczItV0paYWxJbU1VcEFfNXFRNVNoXzFCSW0wRUd4NGpYNzVKcG5QR0gzbnM3Q1dQVFpxY213Y05SZ1dIVTAwN3hCa0JpWkwxcG9jejlESEtk?hl=en-US&gl=US&ceid=US%3Aen
India must shift its policy focus to address the demand deficiency that ails its economy. | Mint,Mint,2 days ago,Missing,https://news.google.com/read/CBMiiwJBVV95cUxNQXV6XzZtWnpiU1hvYlJZNzNqTnNoNlFaNjA2WFpDZVRkajZHUlEwZ2VoeG92WlRrWHFmUklpNEhRRVQwdDZSYng4OF9FTEJOMFF6cFM0M3JOdjFIdlFZdlo3MjhWYXAxQXVMMUJnSTZwZUZYb0tDLUFCczhrQzFoWEdqamEwMzEyV3BfRExPYWI5eVIyLTlXZGFnSkhIR3otVTJfQUo0M0V1bFZ5LWxNMFVjcjZha1Z4dC1FdnBKSVVCanlrZ0ExaEpRdUxfZXpFQlJ6Smd5Z1J1YXBDek5EWnlqSV9tczZ0TFRfWWpRdWtfcVNPdUJmb0dwTE9FVDdkYUxvQkJ3cGhJdE3SAZACQVVfeXFMTVRiZkNfeGg4RXVBR3liYnhrXy1hWmNqOFdkWVVUZ1NSdDBWd2QxMDh0cWdBdzdpSWZrdGxOdHhvZmVSWmpIelZzSm5MMDcwRWoxalBVdzdxbGpMMlVMeXkycGtrZHFWclNONFhBT3NVY1VmelF2bnhrcnNPWFhzUFdKN0ZudmN2Q095aDBIYW0xb2daSFZaSHM1Ymx1czJkN3Fybnc5ZExRWGYxc0xTU0FXUXZReEQyM3ZKNDNGQlVvWlpwZGtYT2c2dVNKRkp6MnN2anlzNkV0SExOaXFmUnZzSHBNYVp2X3VXQTFxVW5adFdaZG9abjVfd0hVRlZJOGZkdG1mdS10WDc2Ry14YjI?hl=en-US&gl=US&ceid=US%3Aen
